<?xml version="1.0" encoding="UTF-8"?>
<archetype-descriptor xsi:schemaLocation="https://maven.apache.org/plugins/maven-archetype-plugin/archetype-descriptor/1.1.0 http://maven.apache.org/xsd/archetype-descriptor-1.1.0.xsd" name="vlingo-xoom-basic"
    xmlns="https://maven.apache.org/plugins/maven-archetype-plugin/archetype-descriptor/1.1.0"
    xmlns:xsi="http://www.w3.org/2001/XMLSchema-instance">

  <requiredProperties>
    <requiredProperty key="mainClass">
      <defaultValue>main-class</defaultValue>
    </requiredProperty>
    <requiredProperty key="vlingoXoomServerVersion">
      <defaultValue>1.2.9</defaultValue>
    </requiredProperty>
    <requiredProperty key="dockerImage">
      <defaultValue>vlingo-xoom-application</defaultValue>
    </requiredProperty>
    <requiredProperty key="k8sImage">
      <defaultValue>vlingo-xoom-application</defaultValue>
    </requiredProperty>
    <requiredProperty key="k8sPodName">
      <defaultValue>vlingo-xoom-application</defaultValue>
    </requiredProperty>
  </requiredProperties>

  <fileSets>
    <fileSet filtered="true" packaged="true" encoding="UTF-8">
      <directory>src/main/java</directory>
      <includes>
        <include>**/*.java</include>
      </includes>
    </fileSet>
    <fileSet filtered="true" packaged="true" encoding="UTF-8">
      <directory>src/test/java</directory>
      <includes>
        <include>**/*.java</include>
      </includes>
    </fileSet>
    <fileSet filtered="true" encoding="UTF-8">
      <directory>src/main/resources</directory>
      <includes>
        <include>**/*.yml</include>
        <include>**/*.xml</include>
      </includes>
    </fileSet>
    <fileSet filtered="true" encoding="UTF-8">
      <directory>deployment/k8s</directory>
      <includes>
        <include>**/*.yaml</include>
      </includes>
    </fileSet>
    <fileSet filtered="true" encoding="UTF-8">
      <directory></directory>
      <includes>
        <include>pom.xml</include>
        <include>Dockerfile</include>
        <include>**/*.properties</include>
        <include>mvnw</include>
        <include>mvnw.cmd</include>
      </includes>
    </fileSet>
  </fileSets>
</archetype-descriptor>
